old_url,new_url,redirect_type,status,notes
"https://ai.jdiro.com//JIRO-AI//index.html","https://tool.prompttai.com/tools/j1ro-ai-chat-with-ai/",301,pending,"🤖 AI Tools -> AI Tools"
"https://ai.jdiro.com//ai-grammar-fixer//index.html","https://tool.prompttai.com/tools/jiro-ai-grammar-fixer/",301,pending,"🤖 AI Tools -> AI Tools"
"https://ai.jdiro.com//ai-content-summarizer.html","https://tool.prompttai.com/tools/jiro-ai-summarizer/",301,pending,"🤖 AI Tools -> AI Tools"
"https://ai.jdiro.com//ai-question-paper.html","https://tool.prompttai.com/tools/jiro-ai-question-paper-generator/",301,pending,"🤖 AI Tools -> AI Tools"
"https://ai.jdiro.com//ai-email-writer.html","https://tool.prompttai.com/tools/jiro-ai-email-writer/",301,pending,"🤖 AI Tools -> AI Tools"
"https://ai.jdiro.com//ai-letter-writer.html","https://tool.prompttai.com/tools/jiro-ai-letter-writer/",301,pending,"🤖 AI Tools -> AI Tools"
"https://ai.jdiro.com//ai-application-writer.html","https://tool.prompttai.com/tools/jiro-ai-application-writer/",301,pending,"🤖 AI Tools -> AI Tools"
"https://ai.jdiro.com//ai-resume-builder.html","https://tool.prompttai.com/tools/jiro-ai-resume-builder/",301,pending,"🤖 AI Tools -> AI Tools"
"https://ai.jdiro.com//AI-Essay-Assignment-Writer//index.html","https://tool.prompttai.com/tools/ai-essay-assignment-writer/",301,pending,"🤖 AI Tools -> AI Tools"
"https://ai.jdiro.com//ENGLISH//ai-english-speaking-tutor.html","https://tool.prompttai.com/tools/english-speaking-tutor/",301,pending,"🤖 AI Tools -> AI Tools"
"https://jdiro.com/base64-encoder-decoder","https://tool.prompttai.com/tools/base64-encoder-decoder/",301,pending,"UTILITY TOOLS -> Utility Tools"
"https://jdiro.com/link-status-checker/index.php","https://tool.prompttai.com/tools/link-status-checker/",301,pending,"UTILITY TOOLS -> Utility Tools"
"https://jdiro.com/video-converter-app/index.html","https://tool.prompttai.com/tools/video-converter/",301,pending,"Audio & Video Tools -> Audio & Video Tools"
"https://jdiro.com/z-score-calculator/index.html","https://tool.prompttai.com/tools/z-score-calculator/",301,pending,"CALCULATOR -> Calculators"
"https://jdiro.com/Text Editor App/index.html","https://tool.prompttai.com/tools/text-editor-app/",301,pending,"UTILITY TOOLS -> Utility Tools"
"https://jdiro.com/Utility Tools/Age-Calculator.html","https://tool.prompttai.com/tools/age-calculator/",301,pending,"CALCULATOR -> Calculators"
"https://jdiro.com/Utility Tools/time-zone-converter.html","https://tool.prompttai.com/tools/time-zone-converter/",301,pending,"UTILITY TOOLS -> Utility Tools"
"https://jdiro.com/Utility Tools/Countdown-Timer-Stopwatch.html","https://tool.prompttai.com/tools/countdown-timer-stopwatch/",301,pending,"UTILITY TOOLS -> Utility Tools"
"https://jdiro.com/Utility Tools/LOAN-EMI-CALCULATOR.html","https://tool.prompttai.com/tools/loan-emi-calculator/",301,pending,"CALCULATOR -> Calculators"
"https://jdiro.com/Utility Tools/Mortgage-Calculator.html","https://tool.prompttai.com/tools/mortgage-calculator/",301,pending,"CALCULATOR -> Calculators"
"https://jdiro.com/Utility Tools/compound-interest-calculator.html","https://tool.prompttai.com/tools/compound-interest-calculator/",301,pending,"CALCULATOR -> Calculators"
"https://jdiro.com/Utility Tools/IP-Address-Finder-Tracker","https://tool.prompttai.com/tools/ip-address-finder-tracker/",301,pending,"UTILITY TOOLS -> Utility Tools"
"https://jdiro.com/Utility Tools/calorie-calculator.html","https://tool.prompttai.com/tools/calorie-calculator/",301,pending,"CALCULATOR -> Calculators"
"https://jdiro.com/Utility Tools/simple-interest.html","https://tool.prompttai.com/tools/simple-interest/",301,pending,"CALCULATOR -> Calculators"
"https://jdiro.com/Utility Tools/Salary-Calculator.html","https://tool.prompttai.com/tools/salary-calculator/",301,pending,"CALCULATOR -> Calculators"
"https://jdiro.com/Utility Tools/income-tax-calculator.html","https://tool.prompttai.com/tools/india-income-tax-calculator/",301,pending,"CALCULATOR -> Calculators"
"https://jdiro.com/Utility Tools/Sip-Calculator.html","https://tool.prompttai.com/tools/sip-calculator/",301,pending,"CALCULATOR -> Calculators"
"https://jdiro.com/Utility Tools/Gst-Calculator.html","https://tool.prompttai.com/tools/gst-calcuator/",301,pending,"CALCULATOR -> Calculators"
"https://jdiro.com/Utility Tools/us-income-tax-calculator.html","https://tool.prompttai.com/tools/us-income-tax-calculator/",301,pending,"CALCULATOR -> Calculators"
"https://jdiro.com/Scientific Calculator/index.html","https://tool.prompttai.com/tools/scientific-calculator/",301,pending,"CALCULATOR -> Calculators"
"https://jdiro.com/Educational Tools/GPA&CGPA-Calculator.html","https://tool.prompttai.com/tools/gpa-cgpa-calculator/",301,pending,"CALCULATOR -> Calculators"
"https://jdiro.com/Educational Tools/percentage-calculator.html","https://tool.prompttai.com/tools/percentage-calculator/",301,pending,"CALCULATOR -> Calculators"
"https://jdiro.com/Educational Tools/Periodic-Table.html","https://tool.prompttai.com/tools/periodic-table/",301,pending,"📚 Educational Tools -> Educational Tools"
"https://jdiro.com/Educational Tools/matrix-calculator.html","https://tool.prompttai.com/tools/matrix-calculator/",301,pending,"CALCULATOR -> Calculators"
"https://jdiro.com/Educational Tools/graph-plotter.html","https://tool.prompttai.com/tools/graph-plotter/",301,pending,"📚 Educational Tools -> Educational Tools"
"https://jdiro.com/Educational Tools/chemical-equation-balancer.html","https://tool.prompttai.com/tools/chemical-equation-balancer/",301,pending,"📚 Educational Tools -> Educational Tools"
"https://jdiro.com/Educational Tools/Probability-Calculator.html","https://tool.prompttai.com/tools/probability-calculator/",301,pending,"CALCULATOR -> Calculators"
"https://jdiro.com/imgwatermarking/index.html","https://tool.prompttai.com/tools/image-watermark/",301,pending,"IMAGE TOOLS -> Image Tools"
"https://jdiro.com/imgbgremover/index.html","https://tool.prompttai.com/tools/image-background-remover/",301,pending,"IMAGE TOOLS -> Image Tools"
"https://jdiro.com/IMAGE/Image-Upscaler.html","https://tool.prompttai.com/tools/image-upscaler/",301,pending,"IMAGE TOOLS -> Image Tools"
"https://jdiro.com/color-code-converter/index.php","https://tool.prompttai.com/tools/colour-code-converter/",301,pending,"UTILITY TOOLS -> Utility Tools"
"https://jdiro.com/Audio & Video Tools/Video-to-MP3-Converter.html","https://tool.prompttai.com/tools/video-to-mp3/",301,pending,"Audio & Video Tools -> Audio & Video Tools"
"https://jdiro.com/Audio & Video Tools/MP3-to-WAV-WAV-to-MP3-Converter.html","https://tool.prompttai.com/tools/mp3-wav-converter/",301,pending,"Audio & Video Tools -> Audio & Video Tools"
"https://jdiro.com/Audio & Video Tools/MP3-Cutter-Audio-Trimmer-tool.html","https://tool.prompttai.com/tools/mp3-cutter/",301,pending,"Audio & Video Tools -> Audio & Video Tools"
"https://jdiro.com/Audio & Video Tools/Video-Resizer-Cropper.html","https://tool.prompttai.com/tools/video-resizer-cropper/",301,pending,"Audio & Video Tools -> Audio & Video Tools"
"https://jdiro.com/Audio & Video Tools/Screen-Recorder.html","https://tool.prompttai.com/tools/screen-recorder/",301,pending,"Audio & Video Tools -> Audio & Video Tools"
"https://jdiro.com/Audio & Video Tools/Text-to-Speech.html","https://tool.prompttai.com/tools/free-online-tts/",301,pending,"Audio & Video Tools -> Audio & Video Tools"
"https://jdiro.com/PDF/Splitpdf.html","https://tool.prompttai.com/tools/split-pdf/",301,pending,"PDF TOOLS -> PDF Tools"
"https://jdiro.com/PDF/Mergepdf.html","https://tool.prompttai.com/tools/merge-pdf/",301,pending,"PDF TOOLS -> PDF Tools"
"https://jdiro.com/PDF/Pdftoimg.html","https://tool.prompttai.com/tools/pdf-to-image/",301,pending,"PDF TOOLS -> PDF Tools"
"https://jdiro.com/PDF/Imgtopdf.html","https://tool.prompttai.com/tools/image-to-pdf/",301,pending,"PDF TOOLS -> PDF Tools"
"https://jdiro.com/PDF/Pdfcompressor.html","https://tool.prompttai.com/tools/compress-pdf/",301,pending,"PDF TOOLS -> PDF Tools"
"https://jdiro.com/PDF/Wordtopdf.html","https://tool.prompttai.com/tools/word-to-pdf/",301,pending,"PDF TOOLS -> PDF Tools"
"https://jdiro.com/PDF/unlockpdf.html","https://tool.prompttai.com/tools/unlock-pdf/",301,pending,"PDF TOOLS -> PDF Tools"
"https://jdiro.com/PDF/Pdftoword.html","https://tool.prompttai.com/tools/pdf-to-word/",301,pending,"PDF TOOLS -> PDF Tools"
"https://jdiro.com/HIGH COMPRESS/1mb-pdf-compress.html","https://tool.prompttai.com/tools/1-mb-pdf-compressor/",301,pending,"HIGH COMPRESSOR -> Compression Tools"
"https://jdiro.com/HIGH COMPRESS/20kb-image-compress.html","https://tool.prompttai.com/tools/20-kb-image-compressor/",301,pending,"HIGH COMPRESSOR -> Compression Tools"
"https://jdiro.com/PDF/Pdftoexcel.html","https://tool.prompttai.com/tools/pdf-to-excel/",301,pending,"PDF TOOLS -> PDF Tools"
"https://jdiro.com/PDF/lockpdf.html","https://tool.prompttai.com/tools/lock-pdf/",301,pending,"PDF TOOLS -> PDF Tools"
"https://jdiro.com/PDF/exceltopdf.html","https://tool.prompttai.com/tools/excel-to-pdf/",301,pending,"PDF TOOLS -> PDF Tools"
"https://jdiro.com/PDF/organize-pdf.html","https://tool.prompttai.com/tools/organize-pdf/",301,pending,"PDF TOOLS -> PDF Tools"
"https://jdiro.com/PDF/repair-pdf.html","https://tool.prompttai.com/tools/repair-pdf/",301,pending,"PDF TOOLS -> PDF Tools"
"https://ai.earncolour.xyz/J1R0-AI-EXPAIN-IT/JIRO-AI-EXPLAIN-IT.html","https://tool.prompttai.com/tools/jiro-ai-explainer/",301,pending,"🤖 AI Tools -> AI Tools"
"https://ai.earncolour.xyz/notes-maker-ai.html","https://tool.prompttai.com/tools/jiro-ai-notes-maker/",301,pending,"🤖 AI Tools -> AI Tools"
"https://jdiro.com/IMAGE/image-background-blur.html","https://tool.prompttai.com/tools/blur-tool/",301,pending,"IMAGE TOOLS -> Image Tools"
"https://jdiro.com/ppt-maker/index.html","https://tool.prompttai.com/tools/english-grammer-voice/",301,pending,"EDUCATIONAL CONTENT -> Educational Tools"
"https://jdiro.com/ppt-maker/index.html","https://tool.prompttai.com/tools/english-grammer-voice/",301,pending,"📚 Educational Tools -> Educational Tools"
"https://jdiro.com/Educational Tools/TENSES/index.html","https://tool.prompttai.com/tools/tenses/",301,pending,"📚 Educational Tools -> Educational Tools"
"https://jdiro.com/IMAGE/Image-Splitter.html","https://tool.prompttai.com/tools/image-splitter/",301,pending,"IMAGE TOOLS -> Image Tools"
"https://jdiro.com/Utility Tools/OnlinDate-Time-Difference-Calculator.html","https://tool.prompttai.com/tools/online-date-time-difference-calculator/",301,pending,"CALCULATOR -> Calculators"
"https://jdiro.com/Educational Tools/Area-calculator.html","https://tool.prompttai.com/tools/area-calculator/",301,pending,"CALCULATOR -> Calculators"
"https://jdiro.com//Educational Tools/typing-speed-test.html","https://tool.prompttai.com/tools/typing-speed-test/",301,pending,"📚 Educational Tools -> Educational Tools"
"https://jdiro.com/DOCUMENTS/Remove-Extra-Spaces-Tool-html","https://tool.prompttai.com/tools/remove-extra-spaces/",301,pending,"DOCUMENTS -> Text & Document Tools"
"https://jdiro.com/Financial Calculators/Immediate-Annuity-Calculator.html","https://tool.prompttai.com/tools/immediate-annuity-calculator/",301,pending,"FINANCIAL CALCULATORS -> Financial Calculators"
"https://jdiro.com/Financial Calculators/Present Value-of-Annuity-Due-Calculator.html","https://tool.prompttai.com/tools/present-value-of-annuity-due-calculator/",301,pending,"FINANCIAL CALCULATORS -> Financial Calculators"
"https://jdiro.com/Financial Calculators/Present-Value-of-Annuity-Calculator.html","https://tool.prompttai.com/tools/present-value-of-annuity-calculator/",301,pending,"FINANCIAL CALCULATORS -> Financial Calculators"
"https://jdiro.com/Financial Calculators/Present-Value-of-Growing-Annuity-Calculator.html","https://tool.prompttai.com/tools/present-value-of-growing-annuity-calculator/",301,pending,"FINANCIAL CALCULATORS -> Financial Calculators"
"https://jdiro.com/Financial Calculators/PVIFA-Calculator-High-Precision.html","https://tool.prompttai.com/tools/pvifa-calculator-high-precision/",301,pending,"FINANCIAL CALCULATORS -> Financial Calculators"
"https://jdiro.com/Web Master/Cpc-calculator.html","https://tool.prompttai.com/tools/cpc-calculator/",301,pending,"WEBMASTER -> Webmaster Tools"
"https://jdiro.com/Web Master/Cpm-calculator.html","https://tool.prompttai.com/tools/cpm-calculator/",301,pending,"WEBMASTER -> Webmaster Tools"
"https://jdiro.com/Web Master/Adsense-calculator.html","https://tool.prompttai.com/tools/adsense-calculator/",301,pending,"WEBMASTER -> Webmaster Tools"
"https://jdiro.com/SPORTS/ BASEBALL/At-Bats-per-Home-Run-Calculator.html","https://tool.prompttai.com/tools/at-bats-per-home-run-calculato/",301,pending,"SPORTS-BASEBALL -> Sports"
"https://jdiro.com/SPORTS/ BASEBALL/Batting-Average-Calculator.html","https://tool.prompttai.com/tools/batting-average-calculator/",301,pending,"SPORTS-BASEBALL -> Sports"
"https://jdiro.com/SPORTS/ BASEBALL/ERA-Calculator.html","https://tool.prompttai.com/tools/era-calculator/",301,pending,"SPORTS-BASEBALL -> Sports"
"https://jdiro.com/SPORTS/ BASEBALL/Field-Goal-Percentage-Calculator.html","https://tool.prompttai.com/tools/field-goal-percentage-calculator/",301,pending,"SPORTS-BASEBALL -> Sports"
"https://jdiro.com/SPORTS/ BASEBALL/FIP-Calculator.html","https://tool.prompttai.com/tools/fip-calculator/",301,pending,"SPORTS-BASEBALL -> Sports"
"https://jdiro.com/SPORTS/ BASEBALL/On-Base-Percentage-Calculator.html","https://tool.prompttai.com/tools/on-base-percentage-calculator/",301,pending,"SPORTS-BASEBALL -> Sports"
"https://jdiro.com/SPORTS/ BASEBALL/OPS-Calculator.html","https://tool.prompttai.com/tools/ops-calculator/",301,pending,"SPORTS-BASEBALL -> Sports"
"https://jdiro.com/SPORTS/ BASEBALL/Slugging-Percentage-Calculator.html","https://tool.prompttai.com/tools/slugging-percentage-calculator/",301,pending,"SPORTS-BASEBALL -> Sports"
"https://jdiro.com/SPORTS/ BASEBALL/Strikeout-to-Walk-Ratio-Calculator.html","https://tool.prompttai.com/tools/strikeout-to-walk-ratio-calculator/",301,pending,"SPORTS-BASEBALL -> Sports"
"https://jdiro.com/SPORTS/ BASEBALL/Total-Bases-Calculator.html","https://tool.prompttai.com/tools/total-bases-calculator/",301,pending,"SPORTS-BASEBALL -> Sports"
"https://jdiro.com/SPORTS/ BASEBALL/WAR-Calculator.html","https://tool.prompttai.com/tools/war-calculator/",301,pending,"SPORTS-BASEBALL -> Sports"
"https://jdiro.com/SPORTS/ BASEBALL/WHIP-Calculator.html","https://tool.prompttai.com/tools/whip-calculator/",301,pending,"SPORTS-BASEBALL -> Sports"
"https://jdiro.com/SPORTS/BASKETBALL/Effective-Field-Goal-Percentage-Calculator.html","https://tool.prompttai.com/tools/effective-field-goal-percentage-calculator/",301,pending,"SPORTS-BASKETBALL -> Sports"
"https://jdiro.com/SPORTS/BASKETBALL/PER-Calculator.html","https://tool.prompttai.com/tools/per-calculator/",301,pending,"SPORTS-BASKETBALL -> Sports"
"https://jdiro.com/SPORTS/BASKETBALL/Rebound-Rate-Calculator.html","https://tool.prompttai.com/tools/rebound-rate-calculator/",301,pending,"SPORTS-BASKETBALL -> Sports"
"https://jdiro.com/SPORTS/BASKETBALL/True-Shooting-Percentage-Calculator.html","https://tool.prompttai.com/tools/true-shooting-percentage-calculator/",301,pending,"SPORTS-BASKETBALL -> Sports"
"https://jdiro.com/SPORTS/BASKETBALL/Usage-Rate-Calculator.html","https://tool.prompttai.com/tools/usage-rate-calculator/",301,pending,"SPORTS-BASKETBALL -> Sports"
"https://jdiro.com/SPORTS/CRICKET/Batting-Average-Calculator.html","https://tool.prompttai.com/tools/batting-average-calculator/",301,pending,"SPORTS-CRICKET -> Sports"
"https://jdiro.com/SPORTS/CRICKET/Strike-Rate-Calculator.html","https://tool.prompttai.com/tools/strike-rate-calculator/",301,pending,"SPORTS-CRICKET -> Sports"
"https://jdiro.com/SPORTS/CRICKET/Bowling-Average-Calculator.html","https://tool.prompttai.com/tools/bowling-average-calculator/",301,pending,"SPORTS-CRICKET -> Sports"
"https://jdiro.com/SPORTS/CRICKET/Economy-Rate-Calculator.html","https://tool.prompttai.com/tools/economy-rate-calculator/",301,pending,"SPORTS-CRICKET -> Sports"
"https://jdiro.com/SPORTS/CRICKET/Bowling-Strike-Rate-Calculator.html","https://tool.prompttai.com/tools/bowling-strike-rate-calculator/",301,pending,"SPORTS-CRICKET -> Sports"
"https://jdiro.com/SPORTS/CRICKET/Run-Rate-Calculator.html","https://tool.prompttai.com/tools/run-rate-calculator/",301,pending,"SPORTS-CRICKET -> Sports"
"https://jdiro.com/SPORTS/CRICKET/Required-Run-Rate-Calculator.html","https://tool.prompttai.com/tools/required-run-rate-calculator/",301,pending,"SPORTS-CRICKET -> Sports"
"https://jdiro.com/SPORTS/CRICKET/Fantasy-Points-Calculator.html","https://tool.prompttai.com/tools/fantasy-points-calculator/",301,pending,"SPORTS-CRICKET -> Sports"
"https://jdiro.com/HEALTH AND FITNESS/Conception-Date-Calculator.html","https://tool.prompttai.com/tools/conception-date-calculator/",301,pending,"HEALTH AND FITNESS -> Health & Fitness"
"https://jdiro.com/HEALTH AND FITNESS/Fertility-Calculator.html","https://tool.prompttai.com/tools/fertility-calculator/",301,pending,"HEALTH AND FITNESS -> Health & Fitness"
"https://jdiro.com/HEALTH AND FITNESS/Menstrual-Cycle-Calculator.html","https://tool.prompttai.com/tools/menstrual-cycle-calculator/",301,pending,"HEALTH AND FITNESS -> Health & Fitness"
"https://jdiro.com/HEALTH AND FITNESS/Menstrual-Cycle-Length-Calculator.html","https://tool.prompttai.com/tools/menstrual-cycle-length-calculator/",301,pending,"HEALTH AND FITNESS -> Health & Fitness"
"https://jdiro.com/HEALTH AND FITNESS/Ovulation-Calculator.html","https://tool.prompttai.com/tools/ovulation-calculator/",301,pending,"HEALTH AND FITNESS -> Health & Fitness"
"https://jdiro.com/HEALTH AND FITNESS/Bench-Press-Calculator.html","https://tool.prompttai.com/tools/bench-press-calculator/",301,pending,"HEALTH AND FITNESS -> Health & Fitness"
"https://jdiro.com/HEALTH AND FITNESS/BMR-Calculator.html","https://tool.prompttai.com/tools/bmr-calculator/",301,pending,"HEALTH AND FITNESS -> Health & Fitness"
"https://jdiro.com/HEALTH AND FITNESS/Body-Fat-Percentage-Calculator.html","https://tool.prompttai.com/tools/body-fat-percentage-calculator/",301,pending,"HEALTH AND FITNESS -> Health & Fitness"
"https://jdiro.com/HEALTH AND FITNESS/Calorie-Burned-Calculator.html","https://tool.prompttai.com/tools/calorie-burned-calculator/",301,pending,"HEALTH AND FITNESS -> Health & Fitness"
"https://jdiro.com/HEALTH AND FITNESS/Calorie-Deficit-Calculator.html","https://tool.prompttai.com/tools/calorie-deficit-calculator/",301,pending,"HEALTH AND FITNESS -> Health & Fitness"
"https://jdiro.com/HEALTH AND FITNESS/Max-Heart-Rate-Calculator.html","https://tool.prompttai.com/tools/max-heart-rate-calculator/",301,pending,"HEALTH AND FITNESS -> Health & Fitness"
"https://jdiro.com/HEALTH AND FITNESS/One-Rep-Max-Calculator.html","https://tool.prompttai.com/tools/one-rep-max-1rm-calculator/",301,pending,"HEALTH AND FITNESS -> Health & Fitness"
"https://jdiro.com/HEALTH AND FITNESS/Running-Pace-Calculator.html","https://tool.prompttai.com/tools/running-pace-calculator/",301,pending,"HEALTH AND FITNESS -> Health & Fitness"
"https://jdiro.com/HEALTH AND FITNESS/Target-Heart-Rate-Calculator.html","https://tool.prompttai.com/tools/target-heart-rate-calculator/",301,pending,"HEALTH AND FITNESS -> Health & Fitness"
"https://jdiro.com/HEALTH AND FITNESS/Am-I-Overweight.html","https://tool.prompttai.com/tools/am-i-overweight/",301,pending,"HEALTH AND FITNESS -> Health & Fitness"
"https://jdiro.com/HEALTH AND FITNESS/Am-I-Underweight.html","https://tool.prompttai.com/tools/am-i-underweight/",301,pending,"HEALTH AND FITNESS -> Health & Fitness"
"https://jdiro.com/HEALTH AND FITNESS/BMI-Calculator.html","https://tool.prompttai.com/tools/bmi-calculator/",301,pending,"HEALTH AND FITNESS -> Health & Fitness"
"https://jdiro.com/HEALTH AND FITNESS/How-Much-Should-I-Weigh.html","https://tool.prompttai.com/tools/how-much-should-i-weigh/",301,pending,"HEALTH AND FITNESS -> Health & Fitness"
"https://jdiro.com/HEALTH AND FITNESS/Waist-to-Hip-Ratio-Calculator.html","https://tool.prompttai.com/tools/waist-to-hip-ratio-calculator/",301,pending,"HEALTH AND FITNESS -> Health & Fitness"
"https://jdiro.com/HEALTH AND FITNESS/What-Should-I-Weigh.html","https://tool.prompttai.com/tools/what-should-i-weigh/",301,pending,"HEALTH AND FITNESS -> Health & Fitness"
"https://jdiro.com/HEALTH AND FITNESS/bra-size-calculator.html","https://tool.prompttai.com/tools/bra-size-calculator/",301,pending,"HEALTH AND FITNESS -> Health & Fitness"
"https://jdiro.com/HEALTH AND FITNESS/WHtR-Calculator.html","https://tool.prompttai.com/tools/waist-to-height-ratio-whtr-calculator/",301,pending,"HEALTH AND FITNESS -> Health & Fitness"
"https://jdiro.com/HEALTH AND FITNESS/Due-Date-Calculator.html","https://tool.prompttai.com/tools/due-date-calculator-find-out-when-your-baby-is-due/",301,pending,"HEALTH AND FITNESS -> Health & Fitness"
"https://jdiro.com/HEALTH AND FITNESS/How-Many-Weeks-Pregnant-Am-I.html","https://tool.prompttai.com/tools/how-many-weeks-pregnant-am-i/",301,pending,"HEALTH AND FITNESS -> Health & Fitness"
"https://jdiro.com/HEALTH AND FITNESS/Pregnancy-Calendar.html","https://tool.prompttai.com/tools/pregnancy-calendar-create-your-own-daily-pregnancy-calendar/",301,pending,"HEALTH AND FITNESS -> Health & Fitness"
"https://jdiro.com/Financial Calculators/Bond-Equivalent-Yield-Calculator.html","https://tool.prompttai.com/tools/bond-equivalent-yield-calculator/",301,pending,"FINANCIAL CALCULATORS -> Financial Calculators"
"https://jdiro.com/Financial Calculators/Bond-Yield-Calculator.html","https://tool.prompttai.com/tools/bond-yield-calculator/",301,pending,"FINANCIAL CALCULATORS -> Financial Calculators"
"https://jdiro.com/Financial Calculators/Bond-Yield-to-Maturity-Calculator.html","https://tool.prompttai.com/tools/bond-yield-to-maturity-calculator/",301,pending,"FINANCIAL CALCULATORS -> Financial Calculators"
"https://jdiro.com/Financial Calculators/Zero-Coupon-Bond-Calculator.html","https://tool.prompttai.com/tools/zero-coupon-bond-calculator/",301,pending,"FINANCIAL CALCULATORS -> Financial Calculators"
"https://jdiro.com/Financial Calculators/car-loan-calculator.html","https://tool.prompttai.com/tools/car-loan-emi-calculator/",301,pending,"FINANCIAL CALCULATORS -> Financial Calculators"
"https://jdiro.com/Financial Calculators/home-loan-calculator.html","https://tool.prompttai.com/tools/home-loan-emi-calculator/",301,pending,"FINANCIAL CALCULATORS -> Financial Calculators"
"https://jdiro.com/Financial Calculators/home-equity-loan-calculator.html","https://tool.prompttai.com/tools/home-equity-loan-calculator/",301,pending,"FINANCIAL CALCULATORS -> Financial Calculators"
"https://jdiro.com/Financial Calculators/Reverse-mortgage-calculator.html","https://tool.prompttai.com/tools/reverse-mortgage-calculator/",301,pending,"FINANCIAL CALCULATORS -> Financial Calculators"
"https://jdiro.com/Financial Calculators/Personal-Loan-Calculator.html","https://tool.prompttai.com/tools/personal-loan-emi-calculator/",301,pending,"FINANCIAL CALCULATORS -> Financial Calculators"
"https://jdiro.com/Financial Calculators/retirement-calculator.html","https://tool.prompttai.com/tools/retirement-calculator/",301,pending,"FINANCIAL CALCULATORS -> Financial Calculators"
"https://jdiro.com/Financial Calculators/amortization-calculator.html","https://tool.prompttai.com/tools/amortization-calculator/",301,pending,"FINANCIAL CALCULATORS -> Financial Calculators"
"https://jdiro.com/Financial Calculators/borrowing-power-calculator.html","https://tool.prompttai.com/tools/borrowing-power-calculator/",301,pending,"FINANCIAL CALCULATORS -> Financial Calculators"
"https://jdiro.com/Financial Calculators/mutual-fund-calculator.html","https://tool.prompttai.com/tools/mutual-fund-calculator/",301,pending,"FINANCIAL CALCULATORS -> Financial Calculators"
"https://jdiro.com/Financial Calculators/apy-calculator.html","https://tool.prompttai.com/tools/apy-calculator/",301,pending,"FINANCIAL CALCULATORS -> Financial Calculators"
"https://jdiro.com/Financial Calculators/pension-calculator.html","https://tool.prompttai.com/tools/pension-calculator/",301,pending,"FINANCIAL CALCULATORS -> Financial Calculators"
"https://jdiro.com/Web Master/Meta-tag-generator.html","https://tool.prompttai.com/tools/meta-tag-generator/",301,pending,"WEBMASTER -> Webmaster Tools"
"https://jdiro.com/DOCUMENTS/find-replace-text.html","https://tool.prompttai.com/tools/find-and-replace-text/",301,pending,"DOCUMENTS -> Text & Document Tools"
"https://jdiro.com/IMAGE/transparent-image.html","https://tool.prompttai.com/tools/create-transparent-images/",301,pending,"IMAGE TOOLS -> Image Tools"
"https://jdiro.com/MAGE/social-media-image-resizer.html","https://tool.prompttai.com/tools/social-media-image-resizer/",301,pending,"IMAGE TOOLS -> Image Tools"
"https://jdiro.com/IMAGE/png-color-replacer.html","https://tool.prompttai.com/tools/png-color-replacer/",301,pending,"IMAGE TOOLS -> Image Tools"
"https://jdiro.com/IMAGE/png-color-tone-changer.html","https://tool.prompttai.com/tools/png-color-tone-changer/",301,pending,"IMAGE TOOLS -> Image Tools"
"https://jdiro.com/IMAGE/add-date-bulk.html","https://tool.prompttai.com/tools/add-date-to-photos-bulk/",301,pending,"IMAGE TOOLS -> Image Tools"
"https://jdiro.com/Web Master/domain-availability-checker/index.php","https://tool.prompttai.com/tools/domain-availability-checker/",301,pending,"WEBMASTER -> Webmaster Tools"
"https://jdiro.com/Utility Tools/diary-app/index.php","https://tool.prompttai.com/tools/digital-diary-app/",301,pending,"UTILITY TOOLS -> Utility Tools"
"https://jdiro.com/Web Master/text-hashing-tool/index.html","https://tool.prompttai.com/tools/text-hashing-tool/",301,pending,"WEBMASTER -> Webmaster Tools"
"https://jdiro.com/Fun/virtual-drum-kit/index.html","https://tool.prompttai.com/tools/virtual-drum-kit/",301,pending,"FUN -> Fun & Games"
"https://jdiro.com/Educational Tools/universal-length-converter.html","https://tool.prompttai.com/tools/universal-length-converter/",301,pending,"CALCULATOR -> Calculators"
"https://jdiro.com/Web Master/website-speed-tester/index.php","https://tool.prompttai.com/tools/speedtest-pro-website-performance-analyzer/",301,pending,"WEBMASTER -> Webmaster Tools"
"https://jdiro.com/Fun/flip-coin.html","https://tool.prompttai.com/tools/flip-a-coin/",301,pending,"FUN -> Fun & Games"
"https://jdiro.com/IMAGE/id-photo-layout.html","https://tool.prompttai.com/tools/id-photo-print-layout/",301,pending,"IMAGE TOOLS -> Image Tools"
"https://jdiro.com/Audio & Video Tools/geo-tag-camera.html","https://tool.prompttai.com/tools/online-geo-tag-camera/",301,pending,"Audio & Video Tools -> Audio & Video Tools"
"https://jdiro.com/Crypto/Cryptocurrency_Tax_Estimator_Canada.html","https://tool.prompttai.com/tools/crypto-tax-estimator-canada/",301,pending,"CRYPTO TAX CALCULATOR -> Financial Calculators"
"https://jdiro.com/Cryptocurrency_Tax_UK.html","https://tool.prompttai.com/tools/crypto-tax-estimator-uk/",301,pending,"CRYPTO TAX CALCULATOR -> Financial Calculators"
"https://jdiro.com/Crypto/Cryptocurrency_Tax_Estimator_USA.html","https://tool.prompttai.com/tools/crypto-tax-estimator-usa/",301,pending,"CRYPTO TAX CALCULATOR -> Financial Calculators"
"https://jdiro.com/Crypto/India_crypto_tax_calculator.html","https://tool.prompttai.com/tools/crypto-tax-estimator-india/",301,pending,"CRYPTO TAX CALCULATOR -> Financial Calculators"
"https://jdiro.com/Crypto/Crypto_Tax_Calculator_Germany.html","https://tool.prompttai.com/tools/crypto-tax-calculator-germany/",301,pending,"CRYPTO TAX CALCULATOR -> Financial Calculators"
"https://jdiro.com/Crypto/Crypto_Tax_Calculator_Japan.html","https://tool.prompttai.com/tools/crypto-tax-calculator-japan/",301,pending,"CRYPTO TAX CALCULATOR -> Financial Calculators"
"https://jdiro.com/Crypto/Crypto_Tax_Estimator_France.html","https://tool.prompttai.com/tools/crypto-tax-calculator-france/",301,pending,"CRYPTO TAX CALCULATOR -> Financial Calculators"
"https://jdiro.com/Crypto/Crypto_Tax_Calculator_Italy.html","https://tool.prompttai.com/tools/crypto-tax-calculator-italy/",301,pending,"CRYPTO TAX CALCULATOR -> Financial Calculators"
"https://jdiro.com/Crypto/Crypto_Tax_Calculator_Brazil.html","https://tool.prompttai.com/tools/crypto-tax-calculator-brazil/",301,pending,"CRYPTO TAX CALCULATOR -> Financial Calculators"
"https://jdiro.com/Crypto/Crypto_Tax_Calculator_South_Korea.html","https://tool.prompttai.com/tools/crypto-tax-calculator-south-korea/",301,pending,"CRYPTO TAX CALCULATOR -> Financial Calculators"
"https://jdiro.com/Crypto/Crypto_Tax_Estimator_Spain.html","https://tool.prompttai.com/tools/cryptocurrency-tax-estimator-spain/",301,pending,"CRYPTO TAX CALCULATOR -> Financial Calculators"
"https://jdiro.com/Crypto/Crypto_Tax_Estimator_Australia.html","https://tool.prompttai.com/tools/cryptocurrency-tax-estimator-australia/",301,pending,"CRYPTO TAX CALCULATOR -> Financial Calculators"
"https://jdiro.com/Crypto/Crypto_Tax_Calculator_Russia.html","https://tool.prompttai.com/tools/crypto-tax-estimator-russia/",301,pending,"CRYPTO TAX CALCULATOR -> Financial Calculators"
"https://jdiro.com/Crypto/Crypto_Tax_Calculator_Mexico.html","https://tool.prompttai.com/tools/crypto-tax-calculator-mexico/",301,pending,"CRYPTO TAX CALCULATOR -> Financial Calculators"
"https://jdiro.com/Crypto/Crypto_Tax_Calculator_Netherlands.html","https://tool.prompttai.com/tools/crypto-tax-calculator-netherlands/",301,pending,"CRYPTO TAX CALCULATOR -> Financial Calculators"
"https://jdiro.com/Crypto/Crypto_Tax_Calculator_Indonesia.html","https://tool.prompttai.com/tools/crypto-tax-calculator-indonesia/",301,pending,"CRYPTO TAX CALCULATOR -> Financial Calculators"
"https://jdiro.com/Crypto/Crypto_Tax_Calculator_Saudi_Arabia.html","https://tool.prompttai.com/tools/crypto-tax-calculator-saudi-arabia/",301,pending,"CRYPTO TAX CALCULATOR -> Financial Calculators"
"https://jdiro.com/Crypto/Crypto_Tax_Calculator_Turkey.html","https://tool.prompttai.com/tools/crypto-tax-calculator-turkey/",301,pending,"CRYPTO TAX CALCULATOR -> Financial Calculators"
"https://jdiro.com/Crypto/Crypto_Tax_Calculator_Ireland.html","https://tool.prompttai.com/tools/crypto-tax-estimator-isreal/",301,pending,"CRYPTO TAX CALCULATOR -> Financial Calculators"